{"IcoMoonType":"selection","icons":[{"icon":{"paths":["M0 512c0-282.77 229.23-512 512-512s512 229.23 512 512v0c0 282.77-229.23 512-512 512s-512-229.23-512-512v0zM102.4 512c0 226.216 183.384 409.6 409.6 409.6s409.6-183.384 409.6-409.6v0c0-226.216-183.384-409.6-409.6-409.6s-409.6 183.384-409.6 409.6v0zM512 409.6h256v204.8h-256v153.6l-256-256 256-256v153.6z"],"attrs":[],"isMulticolor":false,"isMulticolor2":false,"tags":["arrow-outline-left"],"grid":20},"attrs":[],"properties":{"id":16,"order":9,"prevSize":20,"code":59648,"name":"arrow-outline-left"},"setIdx":0,"setId":0,"iconIdx":15},{"icon":{"paths":["M1024 512c0 282.77-229.23 512-512 512s-512-229.23-512-512v0c0-282.77 229.23-512 512-512s512 229.23 512 512v0zM921.6 512c0-226.216-183.384-409.6-409.6-409.6s-409.6 183.384-409.6 409.6v0c0 226.216 183.384 409.6 409.6 409.6s409.6-183.384 409.6-409.6v0zM512 614.4h-256v-204.8h256v-153.6l256 256-256 256v-153.6z"],"attrs":[],"isMulticolor":false,"isMulticolor2":false,"tags":["arrow-outline-right"],"grid":20},"attrs":[],"properties":{"id":17,"order":10,"prevSize":20,"code":59649,"name":"arrow-outline-right"},"setIdx":0,"setId":0,"iconIdx":16},{"icon":{"paths":["M512 665.6h409.6v-307.2h-409.6v-256l-409.6 409.6 409.6 409.6v-256z"],"attrs":[],"isMulticolor":false,"isMulticolor2":false,"tags":["arrow-thick-left"],"grid":20},"attrs":[],"properties":{"id":21,"order":6,"prevSize":20,"code":59650,"name":"arrow-thick-left"},"setIdx":0,"setId":0,"iconIdx":20},{"icon":{"paths":["M512 358.4h-409.6v307.2h409.6v256l409.6-409.6-409.6-409.6v256z"],"attrs":[],"isMulticolor":false,"isMulticolor2":false,"tags":["arrow-thick-right"],"grid":20},"attrs":[],"properties":{"id":22,"order":7,"prevSize":20,"code":59651,"name":"arrow-thick-right"},"setIdx":0,"setId":0,"iconIdx":21},{"icon":{"paths":["M195.994 460.8l310.835-310.835-72.397-72.397-434.432 434.432 434.432 434.432 72.397-72.397-310.835-310.835h828.006v-102.4h-828.006z"],"attrs":[],"isMulticolor":false,"isMulticolor2":false,"tags":["arrow-thin-left"],"grid":20},"attrs":[],"properties":{"id":25,"order":5,"prevSize":20,"code":59652,"name":"arrow-thin-left"},"setIdx":0,"setId":0,"iconIdx":24},{"icon":{"paths":["M828.006 460.8l-310.835-310.835 72.397-72.397 434.432 434.432-434.432 434.432-72.397-72.397 310.835-310.835h-828.006v-102.4z"],"attrs":[],"isMulticolor":false,"isMulticolor2":false,"tags":["arrow-thin-right"],"grid":20},"attrs":[],"properties":{"id":26,"order":8,"prevSize":20,"code":59653,"name":"arrow-thin-right"},"setIdx":0,"setId":0,"iconIdx":25},{"icon":{"paths":["M409.6 1024h-256v-512h-153.6l512-512 512 512h-153.6v512h-256v-307.2h-204.8v307.2z"],"attrs":[],"isMulticolor":false,"isMulticolor2":false,"tags":["home"],"grid":20},"attrs":[],"properties":{"id":143,"order":11,"prevSize":20,"code":59654,"name":"home"},"setIdx":0,"setId":0,"iconIdx":142}],"height":1024,"metadata":{"name":"icomoon"},"preferences":{"showGlyphs":true,"showCodes":true,"showQuickUse":true,"showQuickUse2":true,"showSVGs":true,"fontPref":{"prefix":"icon-","metadata":{"fontFamily":"icomoon"},"metrics":{"emSize":1024,"baseline":6.25,"whitespace":50},"embed":false},"imagePref":{"prefix":"icon-","png":true,"useClassSelector":true,"color":0,"bgColor":16777215},"historySize":50}}